{
  "name": "Captain Ameribro",
  "characterPreset": "Captain Ameribro",
  "parameters": {
    "BetterAnimation": true,
    "Sprite": "captainAmeribroMain.png",
    "GunSprite": "captainAmeribroGun.png",
    "SpecialIcons": "CaptainAmeribroSpecial.png",
    "Avatar": "captainAmeribroAvatar.png",
    "GunSpriteOffset":
    {
      "x": 4,
      "y": 0
    }
  },
  "cutscene": {
    "heading": "Captain Ameribro",
    "subtitle1": "Joins the Battle!",
    "headingScale": 0.13,
    "spriteRect":
    {
     "x": 0,
     "y": 256,
     "width": 256,
     "height": 256
    },
    "spriteOffset":
    {
      "x": -35,
      "y": -4
    },
    "spritePath": "captainAmeribroCutscene.png",
    "anim": "Intro_Bro_BroDredd",
    "playCutsceneOnFirstSpawn": true,
    "barkPath": "sounds/Captain Ameribro.wav"
  },
  "beforeAwake": {
    "speed": 130,
    "fireRate": 0.1,
    "canChimneyFlip": true,
    "originalSpecialAmmo": 1,
    "canAirdash": true,
    "airdashMaxTime": 0.23
  },
  "unlockConfig": {
    "method": "RescueOrLevel",
    "unlockLevelPath": "Captain Ameribro.bfc",
    "unlockLevelName": "Behind Enemy Lines",
    "RescueCountRequired": 5
  }
}