{
  "name": "R.J. Brocready",
  "characterPreset": "R.J. Brocready",
  "parameters": {
    "BetterAnimation": true,
    "SpecialIcons": "special.png",
    "Avatar": "avatar.png",
    "GunSpriteOffset":
    {
      "x": 0,
      "y": 0
    },
    "SpecialIconOffset":
    {
      "x": 3,
      "y": 0
    }
  },
  "cutscene": {
    "heading": "R.J. Brocready",
    "subtitle1": "Joins the Battle!",
    "headingScale": 0.14,
    "spriteRect":
    {
     "x": 23,
     "y": 250,
     "width": 256,
     "height": 256
    },
    "spritePath": "cutscene.png",
    "anim": "Intro_Bro_Rambro",
    "playCutsceneOnFirstSpawn": true
  },
  "beforeAwake": {
    "speed": 130,
    "fireRate": 0.2,
    "canChimneyFlip": true,
    "originalSpecialAmmo": 2
  },
  "afterAwake": {},
  "beforeStart": {
    "sprite": "sprite.png",
    "gunSprite": "gunSprite.png"
  },
  "afterStart": {
    
  }
}