{
  "name": "Mission Impossibro",
  "characterPreset": "Mission Impossibro",
  "parameters": {
    "BetterAnimation": true,
    "Sprite": "sprite.png",
    "GunSprite": "gunSprite.png",
    "SpecialIcons": "special.png",
    "Avatar": "avatar.png",
    "GunSpriteOffset": {
      "x": 1,
      "y": 0
    }
  },
  "cutscene": {
    "heading": "Mission Impossibro",
    "subtitle1": "Joins the Battle!",
    "headingScale": 0.11,
    "subtitleScale": 0.09,
    "spritePath": "cutscene.png",
    "spriteRect": {
      "x": 0,
      "y": 256,
      "width": 256,
      "height": 256
    },
    "spriteOffset": {
      "x": 0,
      "y": 14
    },
    "spriteMenuOffset": {
      "x": 0,
      "y": -17
    },
    "anim": "Intro_Bro_BroDredd",
    "playCutsceneOnFirstSpawn": true,
    "barkPath": "sounds/Mission Impossibro.wav"
  },
  "beforeAwake": {
    "speed": 130,
    "fireRate": 0.3,
    "canChimneyFlip": true,
    "originalSpecialAmmo": 2
  },
  "unlockConfig": {
    "method": "RescueCount",
    "RescueCountRequired": 5
  }
}
