{
  "name": "Drunken Broster",
  "characterPreset": "Drunken Broster",
  "parameters": {
    "BetterAnimation": true,
    "Sprite": "sprite.png",
    "GunSprite": "gunSprite.png",
    "SpecialIcons": "special.png",
    "Avatar": "avatar.png",
    "GunSpriteOffset": {
      "x": 0,
      "y": -1
    }
  },
  "cutscene": {
    "heading": "Drunken Broster",
    "subtitle1": "Joins the Battle!",
    "headingScale": 0.14,
    "spriteRect": {
      "x": 0,
      "y": 256,
      "width": 256,
      "height": 256
    },
    "spriteMenuOffset": {
      "x": 60,
      "y": 5
    },
    "spritePath": "cutscene.png",
    "anim": "Intro_Bro_Rambro",
    "playCutsceneOnFirstSpawn": true,
    "barkPath": "sounds/Drunken Broster.wav"
  },
  "beforeAwake": {
    "speed": 130,
    "fireRate": 0.1,
    "canChimneyFlip": true,
    "originalSpecialAmmo": 2
  },
  "unlockConfig": {
    "method": "RescueOrLevel",
    "unlockLevelPath": "Drunken Broster.bfc",
    "unlockLevelName": "Eight Drunken Gods",
    "RescueCountRequired": 5
  }
}
