{
  "name": "Brostbuster",
  "characterPreset": "Brostbuster",
  "parameters": {
    "BetterAnimation": true,
    "SpecialIcons": "special.png",
    "SpecialIconOffset": {
      "x": 3,
      "y": 0
    },
    "SpecialIconSpacing": 4,
    "Avatar": [
      "avatar.png",
      "variants/avatar_venkman.png",
      "variants/avatar_spengler.png",
      "variants/avatar_zeddemore.png"
    ],
    "Sprite": [
      "sprite.png",
      "variants/sprite_venkman.png",
      "variants/sprite_spengler.png",
      "variants/sprite_zeddemore.png"
    ],
    "GunSprite": "gunSprite.png"
  },
  "cutscene": {
    "heading": "Brostbuster",
    "subtitle1": "Joins the Battle!",
    "headingScale": 0.14,
    "spritePath": "cutscene.png",
    "variantSprites": [
      "variants/cutscene_venkman.png",
      "variants/cutscene_spengler.png",
      "variants/cutscene_zeddemore.png"
    ],
    "spriteRect": {
      "x": 0,
      "y": 256,
      "width": 256,
      "height": 256
    },
    "spriteOffset": {
      "x": -16,
      "y": 0
    },
    "spriteMenuOffset": {
      "x": 10,
      "y": 15
    },
    "anim": "Intro_Bro_Rambro",
    "playCutsceneOnFirstSpawn": true,
    "barkPath": "sounds/Brostbuster.wav"
  },
  "beforeAwake": {
    "speed": 120,
    "fireRate": 0.1,
    "canChimneyFlip": true,
    "originalSpecialAmmo": 2
  },
  "unlockConfig": {
    "method": "RescueCount",
    "RescueCountRequired": 5
  }
}
