{
  "name": "R.J. Brocready",
  "characterPreset": "R.J. Brocready",
  "parameters": {
    "BetterAnimation": true,
    "Sprite": ["sprite.png", "thingSprite.png"],
    "GunSprite": "gunSprite.png",
    "SpecialIcons": [["special.png"], ["thingSpecial.png"]],
    "Avatar": ["avatar.png", "thingAvatar.png"],
    "GunSpriteOffset": [
      {
        "x": 0,
        "y": 0
      },
      {
        "x": -2,
        "y": 0
      }
    ],
    "SpecialIconOffset": [
      {
        "x": 3,
        "y": 0
      }
    ],
    "SpecialIconSpacing": [0, 4]
  },
  "cutscene": {
    "heading": "R.J. Brocready",
    "subtitle1": "Joins the Battle!",
    "headingScale": 0.14,
    "spriteRect": {
      "x": 0,
      "y": 256,
      "width": 256,
      "height": 256
    },
    "spriteOffset": {
      "x": -23,
      "y": -6
    },
    "spriteMenuOffset": {
      "x": 0,
      "y": 15
    },
    "spritePath": "cutscene.png",
    "anim": "Intro_Bro_Rambro",
    "playCutsceneOnFirstSpawn": true,
    "barkPath": "sounds/R J Brocready.wav"
  },
  "beforeAwake": {
    "speed": 130,
    "fireRate": 0.2,
    "canChimneyFlip": true,
    "originalSpecialAmmo": 2
  },
  "unlockConfig": {
    "method": "RescueCount",
    "RescueCountRequired": 5
  }
}
