{
  "name": "Imperator Furibrosa",
  "characterPreset": "Furibrosa",
  "parameters": {
    "BetterAnimation": true,
    "Sprite": "sprite.png",
    "GunSprite": "gunSpriteCrossbow.png",
    "SpecialIcons": "special.png",
    "SpecialIconOffset": {
      "x": 5,
      "y": 0
    },
    "Avatar": "avatar.png",
    "GunSpriteOffset": {
      "x": 0,
      "y": 0
    }
  },
  "cutscene": {
    "heading": "Imperator Furibrosa",
    "subtitle1": "Joins the Battle!",
    "headingScale": 0.11,
    "spriteRect": {
      "x": 0,
      "y": 256,
      "width": 256,
      "height": 256
    },
    "spriteOffset": {
      "x": 6,
      "y": 0
    },
    "spriteMenuOffset": {
      "x": 10,
      "y": 0
    },
    "spritePath": "cutscene.png",
    "anim": "Intro_Bro_BroDredd",
    "playCutsceneOnFirstSpawn": true,
    "barkPath": "sounds/Imperator Furibrosa.wav"
  },

  "beforeAwake": {
    "speed": 130,
    "fireRate": 0.2,
    "canChimneyFlip": true,
    "originalSpecialAmmo": 1,
    "gunSpriteHangingFrame": 9
  },
  "unlockConfig": {
    "method": "RescueCount",
    "RescueCountRequired": 5
  }
}
